name,address,zip
Jane Smith,777 Brockton Avenue,2351
Bob Johnson,30 Memorial Drive,2322
Alice Williams,250 Hartford Avenue,2019
Chris Davis,700 Oak Street,2301
Lisa Brown,66-4 Parkhurst Rd,1824
Tom Clark,591 Memorial Dr,1020
Nina Lewis,55 Brooksby Village Way,1923
Mike Wilson,137 Teaticket Hwy,2536
Eva Turner,42 Fairhaven Commons Way,2719
Sam Harris,374 William S Canning Blvd,2721
Laura Robinson,121 Worcester Rd,1701
Brian Martin,677 Timpany Blvd,1440
Sophie King,337 Russell St,1035
Jake Scott,295 Plymouth Street,2338
Angela Carter,1775 Washington St,2339
Kevin Mitchell,280 Washington Street,1749
Stephanie Anderson,20 Soojian Dr,1524
Mark Thomas,11 Jungle Road,1453
Rebecca Walker,301 Massachusetts Ave,1462
Eric Hall,780 Lynnway,1905
Karen Young,70 Pleasant Valley Street,1844
James Harris,830 Curran Memorial Hwy,1247
Sara Baker,1470 S Washington St,2760
Andrew Perez,506 State Road,2747
Julia Adams,742 Main Street,1537
Steven Nelson,72 Main St,1864
Rachel Cooper,200 Otis Street,1532
Patrick Green,180 North King Street,1060
Hannah Scott,555 East Main St,1364
Jonathan Clark,555 Hubbard Ave-Suite 12,1201
Emily Moore,300 Colony Place,2360
Anthony Lee,301 Falls Blvd,2169
Megan Turner,36 Paramount Drive,2767
David Martinez,450 Highland Ave,1970
Olivia White,1180 Fall River Avenue,2771
Daniel Lewis,1105 Boston Road,1119
Sophia Hall,100 Charlton Road,1566
Matthew Hernandez,262 Swansea Mall Dr,2777
Isabella Young,333 Main Street,1876
Joshua Wright,550 Providence Hwy,2081
Emma Lopez,352 Palmer Road,1082
Alexander Hill,3005 Cranberry Hwy Rt 6 28,2538
Mia Scott,250 Rt 59,10901
Ethan Robinson,141 Washington Ave Extension,12205
Charlotte King,13858 Rt 31 W,14411
Mason Adams,2055 Niagara Falls Blvd,14228
Ava Mitchell,101 Sanford Farm Shpg Center,12010
Logan Hernandez,297 Grant Avenue,13021
Harper Lee,4133 Veterans Memorial Drive,14020
Sebastian Brown,6265 Brockport Spencerport Rd,14420
Abigail Perez,5399 W Genesse St,13031
Jack Davis,3191 County rd 10,14424
Emily Anderson,30 Catskill,12414
Michael Martinez,161 Centereach Mall,11720
Amelia White,3018 East Ave,13036
Benjamin Clark,100 Thruway Plaza,14225
Mia Robinson,8064 Brewerton Rd,13039
Carter King,5033 Transit Road,14031
Lily Thomas,3949 Route 31,13041
Jackson Lee,139 Merchant Place,12043
Natalie Young,85 Crooked Hill Road,11725
Lucas Hall,872 Route 13,13045
Avery Martinez,279 Troy Road,12061
Oliver Hill,2465 Hempstead Turnpike,11554
Scarlett Scott,6438 Basile Rowe,13057
Henry Wright,25737 US Rt 11,13637
Ella Adams,901 Route 110,11735
Liam Hernandez,2400 Route 9,12524
Sofia Turner,10401 Bennett Road,14063
Noah Lewis,1818 State Route 3,13069
Grace Brown,4300 Lakeville Road,14454
William Lopez,990 Route 5 20,14456
Chloe Davis,311 RT 9W,12077
James Martinez,200 Dutch Meadows Ln,12302
Victoria Young,100 Elm Ridge Center Dr,14626
Henry Harris,1549 Rt 9,12065
Aria Perez,5360 Southwestern Blvd,14075
Alexander King,103 North Caroline St,13350
Madison Clark,1000 State Route 36,14843
Ella Robinson,1400 County Rd 64,14845
David Anderson,135 Fairgrounds Memorial Pkwy,14850
Isabella Thomas,2 Gannett Dr,13790
Lucas Scott,233 5th Ave Ext,12095
Amelia Wright,601 Frank Stottile Blvd,12401
James White,350 E Fairmount Ave,14750
Liam Hernandez,4975 Transit Rd,14086
Harper Brown,579 Troy-Schenectady Road,12110
Mason Davis,5783 So Transit Road,14094
Sophia Lewis,7155 State Rt 12 S,13367
Elijah Hall,425 Route 31,14502
Charlotte Adams,3222 State Rt 11,12953
Jackson Lee,200 Sunrise Mall,11758
Scarlett Turner,43 Stephenville St,13662
Alexander Lopez,750 Middle Country Road,11953
Victoria King,470 Route 211 East,10940
Henry Martinez,3133 E Main St,10547
Liam Young,288 Larkin,10950
Emily Wright,41 Anawana Lake Road,12701
Benjamin Clark,4765 Commercial Drive,13413
Michael Davis,1201 Rt 300,12550
Grace Robinson,255 W Main St,6001
Sophia Wilson,120 Commercial Parkway,6405
Daniel Scott,1400 Farmington Ave,6010
Olivia Hall,161 Berlin Road,6416
James Martin,67 Newton Rd,6810
Ella Lee,656 New Haven Ave,6418
Lucas Young,69 Prospect Hill Road,6088
Mia Clark,150 Gold Star Hwy,6340
Avery Brown,900 Boston Post Road,6437
William Hernandez,2300 Dixwell Ave,6514
Isabella Martinez,495 Flatbush Ave,6106
Jack Turner,180 River Rd,6351
Harper Adams,420 Buckland Hills Dr,6040
Emily White,1365 Boston Post Road,6460
Henry Robinson,1100 New Haven Road,6770
Liam Scott,315 Foxon Blvd,6513
Ava Lee,164 Danbury Rd,6776
Lucas Brown,3164 Berlin Turnpike,6111
Amelia Harris,474 Boston Post Road,6256
Alexander King,650 Main Ave,6851
Grace Martinez,680 Connecticut Avenue,6854
Sophia Davis,220 Salem Turnpike,6360
Jackson Anderson,655 Boston Post Rd,6475
Mia Walker,625 School Street,6260
James Harris,80 Town Line Rd,6067
Elijah Green,465 Bridgeport Avenue,6484
Charlotte Brown,235 Queen St,6489
Olivia Wilson,150 Barnum Avenue Cutoff,6614
Liam Lewis,970 Torringford Street,6790
Emma Hall,844 No Colony Road,6492
Daniel Robinson,910 Wolcott St,6705
Isabella Clark,155 Waterford Parkway No,6385
Michael Martinez,515 Sawmill Road,6516
Avery Turner,2473 Hackworth Road,35005
Emily Adams,630 Coonial Promenade Pkwy,35007
Alexander Young,2643 Hwy 280 West,35010
Lucas Hernandez,540 West Bypass,36420
Mason Brown,5560 Mcclellan Blvd,36206
Sophia Harris,1450 No Brindlee Mtn Pkwy,35016
Olivia Martinez,1011 US Hwy 72 East,35611
Elijah Lee,973 Gilbert Ferry Road Se,35954
Grace Davis,1717 South College Street,36830
James Robinson,701 Mcmeans Ave,36507
Mia Scott,750 Academy Drive,35022
Harper Brown,312 Palisades Blvd,35209
Jackson Hernandez,1600 Montclair Rd,35210
Ava Adams,5919 Trussville Crossings Pkwy,35235
Liam White,9248 Parkway East,35206
Isabella Walker,1972 Hwy 431,35957
Daniel Martinez,10675 Hwy 5,35034
Lucas Brown,2041 Douglas Avenue,36426
Amelia Clark,5100 Hwy 31,35040
Michael Hernandez,1916 Center Point Rd,35215
Grace Harris,1950 W Main St,35960
Elijah Young,16077 Highway 280,35043
Charlotte Lee,1415 7Th Street South,35045
Olivia Adams,626 Olive Street Sw,35055
James Martinez,27520 Hwy 98,36526
Sophia Hernandez,2800 Spring Avn SW,35603
Mason Scott,969 Us Hwy 80 West,36732
Isabella Martinez,3300 South Oates Street,36301
Harper Harris,4310 Montgomery Hwy,36303
Alexander Lee,600 Boll Weevil Circle,36330
Emily Martinez,3176 South Eufaula Avenue,36027
Jackson Brown,7100 Aaron Aronov Drive,35064
Avery Hernandez,10040 County Road 48,36533
Liam Young,3186 Hwy 171 North,35555
Michael Clark,3100 Hough Rd,35630
Daniel Adams,2200 South Mckenzie St,36535
Lucas Martinez,2001 Glenn Bldv Sw,35968
Grace Scott,340 East Meighan Blvd,35903
James Walker,890 Odum Road,35071
Mia Hernandez,1608 W Magnolia Ave,36340
Elijah Brown,501 Willow Lane,36037
Amelia Martinez,170 Fort Morgan Road,36542
Olivia Scott,11697 US Hwy 431,35976
Ava Harris,42417 Hwy 195,35565
Charlotte Young,1706 Military Street South,35570
Michael Lee,1201 Hwy 31 NW,35640
Emily Hernandez,209 Lakeshore Parkway,35209
Alexander Scott,2780 John Hawkins Pkwy,35244
Sophia Martinez,5335 Hwy 280 South,35242
Grace Adams,1007 Red Farmer Drive,35023
James Lee,2900 S Mem PkwyDrake Ave,35801
Harper Walker,11610 Memorial Pkwy South,35803
Daniel Brown,2200 Sparkman Drive,35810
Lucas Hernandez,330 Sutton Rd,35763
Avery Martinez,6140A Univ Drive,35806
Olivia Scott,4206 N College Ave,36545
Jackson Adams,1625 Pelham South,36265
Mason Hernandez,1801 Hwy 78 East,35501
Liam Young,8551 Whitfield Ave,35094
Isabella Walker,8650 Madison Blvd,35758
Emily Brown,145 Kelley Blvd,36054
Michael Martinez,1970 S University Blvd,36609
Amelia Scott,6350 Cottage Hill Road,36609
James Harris,101 South Beltline Highway,36606
Grace Martinez,2500 Dawes Road,36695
Sophia Walker,5245 Rangeline Service Rd,36619
Elijah Young,685 Schillinger Rd,36695
Alexander Lee,3371 S Alabama Ave,36460
Lucas Martinez,10710 Chantilly Pkwy,36117
Ava Scott,3801 Eastern Blvd,36116
Charlotte Harris,6495 Atlanta Hwy,36117
Olivia Martinez,851 Ann St,36107
Harper Lee,15445 Highway 24,35650
Mia Walker,517 West Avalon Ave,35661
Liam Martinez,5710 Mcfarland Blvd,35476
Grace Hernandez,2453 2Nd Avenue East,35121
James Young,2900 Pepperrell Pkwy,36801
Emily Adams,92 Plaza Lane,36203
Daniel Scott,1537 Hwy 231 South,36360
Michael Martinez,2181 Pelham Pkwy,35124
Lucas Walker,165 Vaughan Ln,35125
Sophia Hernandez,3700 Hwy 280-431 N,36867
Alexander Martinez,1903 Cobbs Ford Rd,36066
Amelia Harris,4180 Us Hwy 431,36274
Mason Lee,13675 Hwy 43,35653
Elijah Martinez,1095 Industrial Pkwy,36571
Olivia Walker,24833 Johnt Reidprkw,35768
Harper Hernandez,1501 Hwy 14 East,36703
Ava Young,7855 Moffett Rd,36575
Grace Martinez,150 Springville Station Blvd,35146
Jackson Harris,690 Hwy 78,35148
Emily Scott,41301 US Hwy 280,35150
Liam Martinez,214 Haynes Street,35160
Charlotte Walker,1300 Gilmer Ave,36078
Michael Young,34301 Hwy 43,36784
Sophia Martinez,1420 Us 231 South,36081
James Harris,1501 Skyland Blvd E,35405
Mia Scott,3501 20th Av,36854
Elijah Walker,1300 Montgomery Highway,35216
Amelia Young,4538 Us Hwy 231,36092
Lucas Martinez,2575 Us Hwy 43,35594
